{
  "an": "an-AR",
  "af": "af-ZA",
  "ag": "es-AR",
  "ar": "ar-SA",
  "az": "az-AZ",
  "bg": "bg-BG",
  "bn": "bn-BD",
  "bs": "bs-BA",
  "br": "pt-BR",
  "bz": "br-FR",
  "ca": "ca-ES",
  "cb": "es-CO",
  "cs": "cs-CZ",
  "da": "da-DK",
  "de": "de-DE",
  "dh": "de-CH",
  "el": "el-GR",
  "en": "en-US",
  "eo": "eo-EO",
  "es": "es-ES",
  "et": "et-EE",
  "eu": "eu-ES",
  "fa": "fa-IR",
  "fi": "fi-FI",
  "tl": "tl-PH",
  "fo": "fo-FO",
  "fr": "fr-FR",
  "ga": "ga-IE",
  "gb": "en-GB",
  "gl": "gl-ES",
  "gu": "gu-IN",
  "he": "he-IL",
  "hi": "hi-IN",
  "hr": "hr-HR",
  "hu": "hu-HU",
  "hy": "hy-AM",
  "id": "id-ID",
  "it": "it-IT",
  "is": "is-IS",
  "ja": "ja-JP",
  "ka": "ka-GE",
  "ko": "ko-KR",
  "lo": "lo-LA",
  "lt": "lt-LT",
  "lv": "lv-LV",
  "mk": "mk-MK",
  "ml": "ml-IN",
  "ms": "ms-MY",
  "mx": "es-MX",
  "nl": "nl-NL",
  "nn": "nn-NO",
  "no": "no-NO",
  "pl": "pl-PL",
  "pe": "es-PE",
  "pt": "pt-PT",
  "qc": "fr-CA",
  "ro": "ro-RO",
  "ru": "ru-RU",
  "sh": "si-LK",
  "si": "sl-SI",
  "sk": "sk-SK",
  "sq": "sq-AL",
  "sr": "sr-CS",
  "sv": "sv-SE",
  "sw": "sw-KE",
  "ta": "ta-IN",
  "te": "te-IN",
  "th": "th-TH",
  "tr": "tr-TR",
  "tw": "zh-TW",
  "ug": "ug-CN",
  "uk": "uk-UA",
  "ur": "ur-PK",
  "uz": "uz-UZ",
  "ve": "es-VE",
  "vn": "vi-VN",
  "zh": "zh-CN"
}
