<?xml version="1.0" encoding="UTF-8"?>
<localizationPack name="Denmark" version="1.0">
  <currencies>
    <currency name="Danish krone" iso_code="DKK" iso_code_num="208" sign="kr" blank="1" conversion_rate="7.45201" format="2" decimals="1"/>
  </currencies>
  <languages>
    <language iso_code="da"/>
  </languages>
  <taxes>
    <tax id="1" name="moms DK 25%" rate="25" eu-tax-group="virtual"/>
    <tax id="2" name="USt. AT 20%" rate="20" auto-generated="1" from-eu-tax-group="virtual"/>
    <tax id="3" name="TVA BE 21%" rate="21" auto-generated="1" from-eu-tax-group="virtual"/>
    <tax id="4" name="ДДС BG 20%" rate="20" auto-generated="1" from-eu-tax-group="virtual"/>
    <tax id="5" name="ΦΠΑ CY 19%" rate="19" auto-generated="1" from-eu-tax-group="virtual"/>
    <tax id="6" name="DPH CZ 21%" rate="21" auto-generated="1" from-eu-tax-group="virtual"/>
    <tax id="7" name="MwSt. DE 19%" rate="19" auto-generated="1" from-eu-tax-group="virtual"/>
    <tax id="8" name="km EE 20%" rate="20" auto-generated="1" from-eu-tax-group="virtual"/>
    <tax id="9" name="IVA ES 21%" rate="21" auto-generated="1" from-eu-tax-group="virtual"/>
    <tax id="10" name="ALV FI 24%" rate="24" auto-generated="1" from-eu-tax-group="virtual"/>
    <tax id="11" name="TVA FR 20%" rate="20" auto-generated="1" from-eu-tax-group="virtual"/>
    <tax id="12" name="VAT UK 20%" rate="20.0" auto-generated="1" from-eu-tax-group="virtual"/>
    <tax id="13" name="ΦΠΑ GR 23%" rate="23" auto-generated="1" from-eu-tax-group="virtual"/>
    <tax id="14" name="Croatia PDV 25%" rate="25.000" auto-generated="1" from-eu-tax-group="virtual"/>
    <tax id="15" name="ÁFA HU 27%" rate="27" auto-generated="1" from-eu-tax-group="virtual"/>
    <tax id="16" name="VAT IE 23%" rate="23" auto-generated="1" from-eu-tax-group="virtual"/>
    <tax id="17" name="IVA IT 22%" rate="22" auto-generated="1" from-eu-tax-group="virtual"/>
    <tax id="18" name="PVM LT 21%" rate="21" auto-generated="1" from-eu-tax-group="virtual"/>
    <tax id="19" name="TVA LU 17%" rate="17" auto-generated="1" from-eu-tax-group="virtual"/>
    <tax id="20" name="PVN LV 21%" rate="21" auto-generated="1" from-eu-tax-group="virtual"/>
    <tax id="21" name="VAT MT 18%" rate="18" auto-generated="1" from-eu-tax-group="virtual"/>
    <tax id="22" name="BTW NL 21%" rate="21" auto-generated="1" from-eu-tax-group="virtual"/>
    <tax id="23" name="PTU PL 23%" rate="23" auto-generated="1" from-eu-tax-group="virtual"/>
    <tax id="24" name="IVA PT 23%" rate="23" auto-generated="1" from-eu-tax-group="virtual"/>
    <tax id="25" name="TVA RO 20%" rate="20" auto-generated="1" from-eu-tax-group="virtual"/>
    <tax id="26" name="Moms SE 25%" rate="25" auto-generated="1" from-eu-tax-group="virtual"/>
    <tax id="27" name="DDV SI 22%" rate="22" auto-generated="1" from-eu-tax-group="virtual"/>
    <tax id="28" name="DPH SK 20%" rate="20" auto-generated="1" from-eu-tax-group="virtual"/>
    <taxRulesGroup name="DK Standard Rate (25%)">
      <taxRule iso_code_country="be" id_tax="1"/>
      <taxRule iso_code_country="bg" id_tax="1"/>
      <taxRule iso_code_country="cz" id_tax="1"/>
      <taxRule iso_code_country="dk" id_tax="1"/>
      <taxRule iso_code_country="de" id_tax="1"/>
      <taxRule iso_code_country="ee" id_tax="1"/>
      <taxRule iso_code_country="gr" id_tax="1"/>
      <taxRule iso_code_country="es" id_tax="1"/>
      <taxRule iso_code_country="fr" id_tax="1"/>
      <taxRule iso_code_country="ie" id_tax="1"/>
      <taxRule iso_code_country="it" id_tax="1"/>
      <taxRule iso_code_country="cy" id_tax="1"/>
      <taxRule iso_code_country="lv" id_tax="1"/>
      <taxRule iso_code_country="lt" id_tax="1"/>
      <taxRule iso_code_country="lu" id_tax="1"/>
      <taxRule iso_code_country="hu" id_tax="1"/>
      <taxRule iso_code_country="mt" id_tax="1"/>
      <taxRule iso_code_country="nl" id_tax="1"/>
      <taxRule iso_code_country="at" id_tax="1"/>
      <taxRule iso_code_country="pl" id_tax="1"/>
      <taxRule iso_code_country="pt" id_tax="1"/>
      <taxRule iso_code_country="ro" id_tax="1"/>
      <taxRule iso_code_country="si" id_tax="1"/>
      <taxRule iso_code_country="sk" id_tax="1"/>
      <taxRule iso_code_country="fi" id_tax="1"/>
      <taxRule iso_code_country="se" id_tax="1"/>
      <taxRule iso_code_country="uk" id_tax="1"/>
    </taxRulesGroup>
    <taxRulesGroup name="EU VAT For Virtual Products" auto-generated="1" eu-tax-group="virtual">
      <taxRule iso_code_country="dk" id_tax="1"/>
      <taxRule iso_code_country="at" id_tax="2"/>
      <taxRule iso_code_country="be" id_tax="3"/>
      <taxRule iso_code_country="bg" id_tax="4"/>
      <taxRule iso_code_country="cy" id_tax="5"/>
      <taxRule iso_code_country="cz" id_tax="6"/>
      <taxRule iso_code_country="de" id_tax="7"/>
      <taxRule iso_code_country="ee" id_tax="8"/>
      <taxRule iso_code_country="es" id_tax="9"/>
      <taxRule iso_code_country="fi" id_tax="10"/>
      <taxRule iso_code_country="fr" id_tax="11"/>
      <taxRule iso_code_country="gb" id_tax="12"/>
      <taxRule iso_code_country="gr" id_tax="13"/>
      <taxRule iso_code_country="hr" id_tax="14"/>
      <taxRule iso_code_country="hu" id_tax="15"/>
      <taxRule iso_code_country="ie" id_tax="16"/>
      <taxRule iso_code_country="it" id_tax="17"/>
      <taxRule iso_code_country="lt" id_tax="18"/>
      <taxRule iso_code_country="lu" id_tax="19"/>
      <taxRule iso_code_country="lv" id_tax="20"/>
      <taxRule iso_code_country="mt" id_tax="21"/>
      <taxRule iso_code_country="nl" id_tax="22"/>
      <taxRule iso_code_country="pl" id_tax="23"/>
      <taxRule iso_code_country="pt" id_tax="24"/>
      <taxRule iso_code_country="ro" id_tax="25"/>
      <taxRule iso_code_country="se" id_tax="26"/>
      <taxRule iso_code_country="si" id_tax="27"/>
      <taxRule iso_code_country="sk" id_tax="28"/>
    </taxRulesGroup>
  </taxes>
  <units>
    <unit type="weight" value="kg"/>
    <unit type="volume" value="L"/>
    <unit type="short_distance" value="in"/>
    <unit type="base_distance" value="ft"/>
    <unit type="long_distance" value="mi"/>
  </units>
</localizationPack>
