<?xml version="1.0" encoding="UTF-8"?>
<localizationPack name="Lithuania" version="1.0">
	<currencies>
		<currency name="Euro" iso_code="EUR" iso_code_num="978" sign="€" blank="1" conversion_rate="1.00" format="2" decimals="1"/>
	</currencies>
	<languages>
		<language iso_code="lt"/>
	</languages>
	<taxes>
		<tax id="1" name="PVM LT 21%" rate="21" eu-tax-group="virtual"/>
		<tax id="2" name="PVM LT 9%" rate="9"/>
		<tax id="3" name="PVM LT 5%" rate="5"/>
		<tax id="4" name="USt. AT 20%" rate="20" auto-generated="1" from-eu-tax-group="virtual"/>
		<tax id="5" name="TVA BE 21%" rate="21" auto-generated="1" from-eu-tax-group="virtual"/>
		<tax id="6" name="ДДС BG 20%" rate="20" auto-generated="1" from-eu-tax-group="virtual"/>
		<tax id="7" name="ΦΠΑ CY 19%" rate="19" auto-generated="1" from-eu-tax-group="virtual"/>
		<tax id="8" name="DPH CZ 21%" rate="21" auto-generated="1" from-eu-tax-group="virtual"/>
		<tax id="9" name="MwSt. DE 19%" rate="19" auto-generated="1" from-eu-tax-group="virtual"/>
		<tax id="10" name="moms DK 25%" rate="25" auto-generated="1" from-eu-tax-group="virtual"/>
		<tax id="11" name="km EE 20%" rate="20" auto-generated="1" from-eu-tax-group="virtual"/>
		<tax id="12" name="IVA ES 21%" rate="21" auto-generated="1" from-eu-tax-group="virtual"/>
		<tax id="13" name="ALV FI 24%" rate="24" auto-generated="1" from-eu-tax-group="virtual"/>
		<tax id="14" name="TVA FR 20%" rate="20" auto-generated="1" from-eu-tax-group="virtual"/>
		<tax id="15" name="VAT UK 20%" rate="20.0" auto-generated="1" from-eu-tax-group="virtual"/>
		<tax id="16" name="ΦΠΑ GR 23%" rate="23" auto-generated="1" from-eu-tax-group="virtual"/>
		<tax id="17" name="Croatia PDV 25%" rate="25.000" auto-generated="1" from-eu-tax-group="virtual"/>
		<tax id="18" name="ÁFA HU 27%" rate="27" auto-generated="1" from-eu-tax-group="virtual"/>
		<tax id="19" name="VAT IE 23%" rate="23" auto-generated="1" from-eu-tax-group="virtual"/>
		<tax id="20" name="IVA IT 22%" rate="22" auto-generated="1" from-eu-tax-group="virtual"/>
		<tax id="21" name="TVA LU 17%" rate="17" auto-generated="1" from-eu-tax-group="virtual"/>
		<tax id="22" name="PVN LV 21%" rate="21" auto-generated="1" from-eu-tax-group="virtual"/>
		<tax id="23" name="VAT MT 18%" rate="18" auto-generated="1" from-eu-tax-group="virtual"/>
		<tax id="24" name="BTW NL 21%" rate="21" auto-generated="1" from-eu-tax-group="virtual"/>
		<tax id="25" name="PTU PL 23%" rate="23" auto-generated="1" from-eu-tax-group="virtual"/>
		<tax id="26" name="IVA PT 23%" rate="23" auto-generated="1" from-eu-tax-group="virtual"/>
		<tax id="27" name="TVA RO 24%" rate="24" auto-generated="1" from-eu-tax-group="virtual"/>
		<tax id="28" name="Moms SE 25%" rate="25" auto-generated="1" from-eu-tax-group="virtual"/>
		<tax id="29" name="DDV SI 22%" rate="22" auto-generated="1" from-eu-tax-group="virtual"/>
		<tax id="30" name="DPH SK 20%" rate="20" auto-generated="1" from-eu-tax-group="virtual"/>
		<taxRulesGroup name="LT Standard Rate (21%)">
			<taxRule iso_code_country="be" id_tax="1"/>
			<taxRule iso_code_country="bg" id_tax="1"/>
			<taxRule iso_code_country="cz" id_tax="1"/>
			<taxRule iso_code_country="dk" id_tax="1"/>
			<taxRule iso_code_country="de" id_tax="1"/>
			<taxRule iso_code_country="ee" id_tax="1"/>
			<taxRule iso_code_country="gr" id_tax="1"/>
			<taxRule iso_code_country="es" id_tax="1"/>
			<taxRule iso_code_country="fr" id_tax="1"/>
			<taxRule iso_code_country="ie" id_tax="1"/>
			<taxRule iso_code_country="it" id_tax="1"/>
			<taxRule iso_code_country="cy" id_tax="1"/>
			<taxRule iso_code_country="lv" id_tax="1"/>
			<taxRule iso_code_country="lt" id_tax="1"/>
			<taxRule iso_code_country="lu" id_tax="1"/>
			<taxRule iso_code_country="hu" id_tax="1"/>
			<taxRule iso_code_country="mt" id_tax="1"/>
			<taxRule iso_code_country="nl" id_tax="1"/>
			<taxRule iso_code_country="at" id_tax="1"/>
			<taxRule iso_code_country="pl" id_tax="1"/>
			<taxRule iso_code_country="pt" id_tax="1"/>
			<taxRule iso_code_country="ro" id_tax="1"/>
			<taxRule iso_code_country="si" id_tax="1"/>
			<taxRule iso_code_country="sk" id_tax="1"/>
			<taxRule iso_code_country="fi" id_tax="1"/>
			<taxRule iso_code_country="se" id_tax="1"/>
			<taxRule iso_code_country="uk" id_tax="1"/>
		</taxRulesGroup>
		<taxRulesGroup name="LT Reduced Rate (9%)">
			<taxRule iso_code_country="be" id_tax="2"/>
			<taxRule iso_code_country="bg" id_tax="2"/>
			<taxRule iso_code_country="cz" id_tax="2"/>
			<taxRule iso_code_country="dk" id_tax="2"/>
			<taxRule iso_code_country="de" id_tax="2"/>
			<taxRule iso_code_country="ee" id_tax="2"/>
			<taxRule iso_code_country="gr" id_tax="2"/>
			<taxRule iso_code_country="es" id_tax="2"/>
			<taxRule iso_code_country="fr" id_tax="2"/>
			<taxRule iso_code_country="ie" id_tax="2"/>
			<taxRule iso_code_country="it" id_tax="2"/>
			<taxRule iso_code_country="cy" id_tax="2"/>
			<taxRule iso_code_country="lv" id_tax="2"/>
			<taxRule iso_code_country="lt" id_tax="2"/>
			<taxRule iso_code_country="lu" id_tax="2"/>
			<taxRule iso_code_country="hu" id_tax="2"/>
			<taxRule iso_code_country="mt" id_tax="2"/>
			<taxRule iso_code_country="nl" id_tax="2"/>
			<taxRule iso_code_country="at" id_tax="2"/>
			<taxRule iso_code_country="pl" id_tax="2"/>
			<taxRule iso_code_country="pt" id_tax="2"/>
			<taxRule iso_code_country="ro" id_tax="2"/>
			<taxRule iso_code_country="si" id_tax="2"/>
			<taxRule iso_code_country="sk" id_tax="2"/>
			<taxRule iso_code_country="fi" id_tax="2"/>
			<taxRule iso_code_country="se" id_tax="2"/>
			<taxRule iso_code_country="uk" id_tax="2"/>
		</taxRulesGroup>
		<taxRulesGroup name="LT Super Reduced Rate (5%)">
			<taxRule iso_code_country="be" id_tax="3"/>
			<taxRule iso_code_country="bg" id_tax="3"/>
			<taxRule iso_code_country="cz" id_tax="3"/>
			<taxRule iso_code_country="dk" id_tax="3"/>
			<taxRule iso_code_country="de" id_tax="3"/>
			<taxRule iso_code_country="ee" id_tax="3"/>
			<taxRule iso_code_country="gr" id_tax="3"/>
			<taxRule iso_code_country="es" id_tax="3"/>
			<taxRule iso_code_country="fr" id_tax="3"/>
			<taxRule iso_code_country="ie" id_tax="3"/>
			<taxRule iso_code_country="it" id_tax="3"/>
			<taxRule iso_code_country="cy" id_tax="3"/>
			<taxRule iso_code_country="lv" id_tax="3"/>
			<taxRule iso_code_country="lt" id_tax="3"/>
			<taxRule iso_code_country="lu" id_tax="3"/>
			<taxRule iso_code_country="hu" id_tax="3"/>
			<taxRule iso_code_country="mt" id_tax="3"/>
			<taxRule iso_code_country="nl" id_tax="3"/>
			<taxRule iso_code_country="at" id_tax="3"/>
			<taxRule iso_code_country="pl" id_tax="3"/>
			<taxRule iso_code_country="pt" id_tax="3"/>
			<taxRule iso_code_country="ro" id_tax="3"/>
			<taxRule iso_code_country="si" id_tax="3"/>
			<taxRule iso_code_country="sk" id_tax="3"/>
			<taxRule iso_code_country="fi" id_tax="3"/>
			<taxRule iso_code_country="se" id_tax="3"/>
			<taxRule iso_code_country="uk" id_tax="3"/>
		</taxRulesGroup>
		<taxRulesGroup name="LT Foodstuff Rate (21%)">
			<taxRule iso_code_country="be" id_tax="1"/>
			<taxRule iso_code_country="bg" id_tax="1"/>
			<taxRule iso_code_country="cz" id_tax="1"/>
			<taxRule iso_code_country="dk" id_tax="1"/>
			<taxRule iso_code_country="de" id_tax="1"/>
			<taxRule iso_code_country="ee" id_tax="1"/>
			<taxRule iso_code_country="gr" id_tax="1"/>
			<taxRule iso_code_country="es" id_tax="1"/>
			<taxRule iso_code_country="fr" id_tax="1"/>
			<taxRule iso_code_country="ie" id_tax="1"/>
			<taxRule iso_code_country="it" id_tax="1"/>
			<taxRule iso_code_country="cy" id_tax="1"/>
			<taxRule iso_code_country="lv" id_tax="1"/>
			<taxRule iso_code_country="lt" id_tax="1"/>
			<taxRule iso_code_country="lu" id_tax="1"/>
			<taxRule iso_code_country="hu" id_tax="1"/>
			<taxRule iso_code_country="mt" id_tax="1"/>
			<taxRule iso_code_country="nl" id_tax="1"/>
			<taxRule iso_code_country="at" id_tax="1"/>
			<taxRule iso_code_country="pl" id_tax="1"/>
			<taxRule iso_code_country="pt" id_tax="1"/>
			<taxRule iso_code_country="ro" id_tax="1"/>
			<taxRule iso_code_country="si" id_tax="1"/>
			<taxRule iso_code_country="sk" id_tax="1"/>
			<taxRule iso_code_country="fi" id_tax="1"/>
			<taxRule iso_code_country="se" id_tax="1"/>
			<taxRule iso_code_country="uk" id_tax="1"/>
		</taxRulesGroup>
		<taxRulesGroup name="LT Books Rate (9%)">
			<taxRule iso_code_country="be" id_tax="2"/>
			<taxRule iso_code_country="bg" id_tax="2"/>
			<taxRule iso_code_country="cz" id_tax="2"/>
			<taxRule iso_code_country="dk" id_tax="2"/>
			<taxRule iso_code_country="de" id_tax="2"/>
			<taxRule iso_code_country="ee" id_tax="2"/>
			<taxRule iso_code_country="gr" id_tax="2"/>
			<taxRule iso_code_country="es" id_tax="2"/>
			<taxRule iso_code_country="fr" id_tax="2"/>
			<taxRule iso_code_country="ie" id_tax="2"/>
			<taxRule iso_code_country="it" id_tax="2"/>
			<taxRule iso_code_country="cy" id_tax="2"/>
			<taxRule iso_code_country="lv" id_tax="2"/>
			<taxRule iso_code_country="lt" id_tax="2"/>
			<taxRule iso_code_country="lu" id_tax="2"/>
			<taxRule iso_code_country="hu" id_tax="2"/>
			<taxRule iso_code_country="mt" id_tax="2"/>
			<taxRule iso_code_country="nl" id_tax="2"/>
			<taxRule iso_code_country="at" id_tax="2"/>
			<taxRule iso_code_country="pl" id_tax="2"/>
			<taxRule iso_code_country="pt" id_tax="2"/>
			<taxRule iso_code_country="ro" id_tax="2"/>
			<taxRule iso_code_country="si" id_tax="2"/>
			<taxRule iso_code_country="sk" id_tax="2"/>
			<taxRule iso_code_country="fi" id_tax="2"/>
			<taxRule iso_code_country="se" id_tax="2"/>
			<taxRule iso_code_country="uk" id_tax="2"/>
		</taxRulesGroup>
		<taxRulesGroup name="EU VAT For Virtual Products" auto-generated="1" eu-tax-group="virtual">
			<taxRule iso_code_country="lt" id_tax="1"/>
			<taxRule iso_code_country="at" id_tax="4"/>
			<taxRule iso_code_country="be" id_tax="5"/>
			<taxRule iso_code_country="bg" id_tax="6"/>
			<taxRule iso_code_country="cy" id_tax="7"/>
			<taxRule iso_code_country="cz" id_tax="8"/>
			<taxRule iso_code_country="de" id_tax="9"/>
			<taxRule iso_code_country="dk" id_tax="10"/>
			<taxRule iso_code_country="ee" id_tax="11"/>
			<taxRule iso_code_country="es" id_tax="12"/>
			<taxRule iso_code_country="fi" id_tax="13"/>
			<taxRule iso_code_country="fr" id_tax="14"/>
			<taxRule iso_code_country="gb" id_tax="15"/>
			<taxRule iso_code_country="gr" id_tax="16"/>
			<taxRule iso_code_country="hr" id_tax="17"/>
			<taxRule iso_code_country="hu" id_tax="18"/>
			<taxRule iso_code_country="ie" id_tax="19"/>
			<taxRule iso_code_country="it" id_tax="20"/>
			<taxRule iso_code_country="lu" id_tax="21"/>
			<taxRule iso_code_country="lv" id_tax="22"/>
			<taxRule iso_code_country="mt" id_tax="23"/>
			<taxRule iso_code_country="nl" id_tax="24"/>
			<taxRule iso_code_country="pl" id_tax="25"/>
			<taxRule iso_code_country="pt" id_tax="26"/>
			<taxRule iso_code_country="ro" id_tax="27"/>
			<taxRule iso_code_country="se" id_tax="28"/>
			<taxRule iso_code_country="si" id_tax="29"/>
			<taxRule iso_code_country="sk" id_tax="30"/>
		</taxRulesGroup>
	</taxes>
	<units>
		<unit type="weight" value="kg"/>
		<unit type="volume" value="L"/>
		<unit type="short_distance" value="cm"/>
		<unit type="base_distance" value="m"/>
		<unit type="long_distance" value="km"/>
	</units>
</localizationPack>
