<?xml version="1.0" encoding="UTF-8" ?>
<localizationPack name="Morocco" version="1.0">
	<currencies>
		<currency name="Moroccan dirham" iso_code="MAD" iso_code_num="504" sign="MAD" blank="1" conversion_rate="1.0000" format="2" decimals="1" />
	</currencies>
	<languages>
		<language iso_code="ar" />
		<language iso_code="fr" />
	</languages>
	<taxes>
		<tax id="1" name="TVA MA 20%" rate="20" />
		<tax id="2" name="TVA MA 14%" rate="14" />
		<tax id="3" name="TVA MA 10%" rate="10" />
    <tax id="4" name="TVA MA 7%" rate="7" />
    <tax id="5" name="TVA MA 0%" rate="0" />

		<taxRulesGroup name="MA Standard Rate (20%)">
			<taxRule iso_code_country="ma" id_tax="1" />
		</taxRulesGroup>

		<taxRulesGroup name="MA Reduced Rate (14%)">
			<taxRule iso_code_country="ma" id_tax="2" />
		</taxRulesGroup>

		<taxRulesGroup name="MA Reduced Rate (10%)">
			<taxRule iso_code_country="ma" id_tax="3" />
		</taxRulesGroup>

    <taxRulesGroup name="MA Reduced Rate (10%)">
      <taxRule iso_code_country="ma" id_tax="4" />
    </taxRulesGroup>

    <taxRulesGroup name="MA Zero Rate (0%)">
      <taxRule iso_code_country="ma" id_tax="5" />
    </taxRulesGroup>
  </taxes>
  <units>
    <unit type="weight" value="kg"/>
    <unit type="volume" value="L"/>
    <unit type="short_distance" value="cm"/>
    <unit type="base_distance" value="m"/>
    <unit type="long_distance" value="km"/>
  </units>
</localizationPack>
