<?xml version="1.0"?>
<localizationPack name="Tunisia">
  <currencies>
    <currency name="Tunisian Dinar" iso_code="TND" iso_code_num="788" sign="DT" blank="0" conversion_rate="1.000000" format="2" decimals="1"/>
  </currencies>
  <languages>
    <language iso_code="ar"/>
    <language iso_code="fr"/>
  </languages>
  <taxes>
    <taxRulesGroup name="TVA Tunisie">
      <taxRule iso_code_country="tn" behavior="0" id_tax="55"/>
    </taxRulesGroup>
    <tax id="55" name="TVA" rate="19.000"/>
  </taxes>
  <units>
    <unit type="weight" value="kg"/>
    <unit type="volume" value="L"/>
    <unit type="short_distance" value="cm"/>
    <unit type="base_distance" value="m"/>
    <unit type="long_distance" value="km"/>
  </units>
</localizationPack>
