<?xml version="1.0" encoding="UTF-8" ?>
<localizationPack name="South Africa" version="1.0">
	<currencies>
		<currency name="South African rand" iso_code="ZAR" iso_code_num="710" sign="R" blank="1" conversion_rate="1.0000" format="1" decimals="1" />
	</currencies>
	<languages>
		<language iso_code="en" />
	</languages>
	<taxes>
		<tax id="1" name="TVA ZA 14%" rate="14" />
		<tax id="2" name="TVA ZA 0%" rate="0" />

		<taxRulesGroup name="ZA Standard Rate (14%)">
			<taxRule iso_code_country="za" id_tax="1" />
		</taxRulesGroup>

    <taxRulesGroup name="ZA Zero Rate (0%)">
      <taxRule iso_code_country="za" id_tax="2" />
    </taxRulesGroup>
  </taxes>
  <units>
    <unit type="weight" value="kg"/>
    <unit type="volume" value="L"/>
    <unit type="short_distance" value="cm"/>
    <unit type="base_distance" value="m"/>
    <unit type="long_distance" value="km"/>
  </units>
</localizationPack>
