<?xml version="1.0" encoding="utf-8" ?><rss version="2.0" xml:base="https://www.prestashop.com/es/blog/feed.xml" xmlns:dc="http://purl.org/dc/elements/1.1/" xmlns:atom="http://www.w3.org/2005/Atom" xmlns:og="http://ogp.me/ns#" xmlns:article="http://ogp.me/ns/article#" xmlns:book="http://ogp.me/ns/book#" xmlns:profile="http://ogp.me/ns/profile#" xmlns:video="http://ogp.me/ns/video#" xmlns:product="http://ogp.me/ns/product#" xmlns:content="http://purl.org/rss/1.0/modules/content/" xmlns:foaf="http://xmlns.com/foaf/0.1/" xmlns:rdfs="http://www.w3.org/2000/01/rdf-schema#" xmlns:sioc="http://rdfs.org/sioc/ns#" xmlns:sioct="http://rdfs.org/sioc/types#" xmlns:skos="http://www.w3.org/2004/02/skos/core#" xmlns:xsd="http://www.w3.org/2001/XMLSchema#">
  <channel>
    <title>Blog Feed</title>
    <link>https://www.prestashop.com/es/blog/feed.xml</link>
    <description></description>
    <language>es</language>
     <atom:link href="https://www.prestashop.com/es/blog/feed.xml" rel="self" type="application/rss+xml" />
      <item>
    <title>¿Cuáles son las diferencias entre un atributo y una característica?</title>
    <link>https://www.prestashop.com/es/blog/hablemos-de-productos-en-que-se-diferencian-un-atributo-y-una-caracteristica</link>
    <description>En el ámbito del comercio electrónico, no te preocupes si te cuesta diferenciar entre atributos y características de productos: ¡no eres el único!</description>
     <pubDate>Fri, 17 May 2019 00:51:44 +0200</pubDate>
 <dc:creator>Ismael Ruiz</dc:creator>
 <guid isPermaLink="false">https://www.prestashop.com/es/blog/hablemos-de-productos-en-que-se-diferencian-un-atributo-y-una-caracteristica</guid>
  </item>
  <item>
    <title>Agenda del &amp;quot;PrestaShop Day 2019 Madrid&amp;quot;, el evento eCommerce del año</title>
    <link>https://www.prestashop.com/es/blog/agenda-prestashop-day-madrid</link>
    <description>¿Has asistido ya a alguna de las anteriores ediciones del &quot;PrestaShop Day&quot; de Madrid?</description>
     <pubDate>Tue, 14 May 2019 13:26:22 +0200</pubDate>
 <dc:creator>Bertrand Amaraggi</dc:creator>
 <guid isPermaLink="false">https://www.prestashop.com/es/blog/agenda-prestashop-day-madrid</guid>
  </item>
  <item>
    <title>¿Qué es el CPA y cómo usarlo para mejorar tu estrategia digital?</title>
    <link>https://www.prestashop.com/es/blog/que-es-el-cpa-online</link>
    <description>¿Aún no conoces qué es el CPA y cómo puede ayudarte a mejorar la rentabilidad de tu negocio?</description>
     <pubDate>Thu, 09 May 2019 10:44:00 +0200</pubDate>
 <dc:creator>Maria Fonoll</dc:creator>
 <guid isPermaLink="false">https://www.prestashop.com/es/blog/que-es-el-cpa-online</guid>
  </item>
  <item>
    <title> &amp;#039;Protect My Shop&amp;#039;, el módulo PrestaShop para limitar los ataques contra tu Web</title>
    <link>https://www.prestashop.com/es/blog/protect-my-shop</link>
    <description>¿Conoces Protect My Shop y su potencial para restringir el acceso a &quot;los amigos de lo ajeno&quot; dentro de una tienda online?</description>
     <pubDate>Tue, 07 May 2019 12:57:39 +0200</pubDate>
 <dc:creator>Eva Lacalle</dc:creator>
 <guid isPermaLink="false">https://www.prestashop.com/es/blog/protect-my-shop</guid>
  </item>
  <item>
    <title>¿Qué es el &amp;quot;Android System Webview&amp;quot; y cómo usarlo en mi eCommerce?</title>
    <link>https://www.prestashop.com/es/blog/webview-android-system</link>
    <description>¿Sabes qué es la tecnología &#039;Android System Webview&#039; y cómo puedes integrarla en tu propio eCommerce?</description>
     <pubDate>Mon, 06 May 2019 16:35:43 +0200</pubDate>
 <dc:creator>David Rodríguez</dc:creator>
 <guid isPermaLink="false">https://www.prestashop.com/es/blog/webview-android-system</guid>
  </item>
  <item>
    <title>¿Cómo aumentar las ventas de tu tienda online? 10 Consejos útiles</title>
    <link>https://www.prestashop.com/es/blog/las-diez-mejores-funcionalidades-para-aumentar-las-ventas-y-la-eficiencia-de-tu-tienda</link>
    <description>El mundo de las ventas Online no deja de crecer y cada vez es más competitivo, por lo que conocer nuevas técnicas para aumentar las ventas de nuestro negocio es esencial.</description>
     <pubDate>Mon, 06 May 2019 06:34:50 +0200</pubDate>
 <dc:creator>Jose Facchin</dc:creator>
 <guid isPermaLink="false">https://www.prestashop.com/es/blog/las-diez-mejores-funcionalidades-para-aumentar-las-ventas-y-la-eficiencia-de-tu-tienda</guid>
  </item>
  <item>
    <title>¿Qué son los atributos &amp;quot;rel=next&amp;quot; y &amp;quot;rel=prev&amp;quot; y cómo afectan a tu tienda online?</title>
    <link>https://www.prestashop.com/es/blog/rel-next-prev</link>
    <description>¿Sabes qué son el &quot;rel=next&quot; y &quot;rel=prev&quot; y cómo funciona la paginación de tu PrestaShop?</description>
     <pubDate>Mon, 22 Apr 2019 11:39:59 +0200</pubDate>
 <dc:creator>Antonio Torres</dc:creator>
 <guid isPermaLink="false">https://www.prestashop.com/es/blog/rel-next-prev</guid>
  </item>
  <item>
    <title>¿Cómo conseguir seguidores en Instagram para la cuenta de mi eCommerce?</title>
    <link>https://www.prestashop.com/es/blog/como-conseguir-seguidores-instagram</link>
    <description>¿Sigues sin conseguir seguidores en Instagram para la cuenta de tu negocio online?</description>
     <pubDate>Sat, 20 Apr 2019 13:50:35 +0200</pubDate>
 <dc:creator>Ismael Ruiz</dc:creator>
 <guid isPermaLink="false">https://www.prestashop.com/es/blog/como-conseguir-seguidores-instagram</guid>
  </item>
  <item>
    <title>¡PrestaShop se renueva! ¿Cuáles son las nuevas funcionalidades para este 2019?</title>
    <link>https://www.prestashop.com/es/blog/nuevas-funcionalidades-prestashop</link>
    <description>¿Quieres conocer todas las novedades de PrestaShop que te permitirán comenzar tu negocio online facilitándote aún más la vida en 2019?</description>
     <pubDate>Wed, 17 Apr 2019 13:00:02 +0200</pubDate>
 <dc:creator>Eva Lacalle</dc:creator>
 <guid isPermaLink="false">https://www.prestashop.com/es/blog/nuevas-funcionalidades-prestashop</guid>
  </item>
  <item>
    <title>¿Cómo actualizar mi tienda de PrestaShop 1.6 a 1.7 paso a paso?</title>
    <link>https://www.prestashop.com/es/blog/actualizar-prestashop-1-6-a-1-7</link>
    <description>¿Tienes desactualizada la web de tu eCommerce y necesitas actualizar tu PrestaShop de la versión 1.6 a la 1.7?</description>
     <pubDate>Mon, 15 Apr 2019 14:07:28 +0200</pubDate>
 <dc:creator>Antonio Torres</dc:creator>
 <guid isPermaLink="false">https://www.prestashop.com/es/blog/actualizar-prestashop-1-6-a-1-7</guid>
  </item>
  </channel>
</rss>
